deviceid,fail_7
42979,1
14911,0
48386,0
18822,0
49810,0
23495,0
30555,1
18316,0
17929,0
33374,1
48684,0
31716,0
6570,0
45273,0
15855,0
13718,0
26247,0
35423,1
24495,0
12615,0
22515,0
35443,0
35602,0
6388,1
42633,0
26716,0
38138,0
15852,0
26964,1
14354,1
30946,0
29780,0
46447,0
32245,0
48592,0
34814,0
34041,0
16275,0
19006,0
16899,0
11807,0
45409,1
24536,0
20837,0
32159,0
8016,0
48195,0
9729,0
23754,0
33326,0
14661,0
15229,0
48562,0
21207,0
49959,0
47192,0
9193,1
29676,1
35086,0
11736,0
15520,0
12707,0
36167,0
41149,0
9518,0
15500,0
17570,0
38223,0
45307,0
30047,0
14351,0
39390,0
9538,0
8863,0
47936,0
18620,0
30082,0
13919,0
42850,0
45136,0
39857,0
47954,1
22247,0
23392,0
20423,0
38301,0
8401,0
11100,0
46230,0
9419,0
20226,1
47786,1
23335,0
17830,0
13124,0
11316,0
29189,0
31596,0
48366,0
18847,0
40154,0
9157,0
41830,1
28146,0
18817,0
36735,0
39354,0
17733,0
19858,0
7705,0
8029,0
41943,0
18267,0
7624,0
27664,1
12262,0
47252,0
7296,0
43469,0
38213,0
36863,0
14545,0
16605,0
9741,0
26960,0
36470,0
20158,0
10533,0
48906,1
23552,0
28394,0
45148,0
46696,0
42869,0
11184,0
33061,0
37098,0
32638,0
29012,0
6114,0
24016,0
11605,0
45243,0
21027,0
18602,0
13279,0
8189,0
22102,0
13908,0
26865,1
35878,0
22704,0
42968,0
8705,0
21109,0
27877,1
32917,0
6000,0
9243,0
27531,0
14084,0
8125,0
42839,0
24316,0
27715,0
7730,1
5672,0
35457,0
6655,0
30631,0
29953,0
45019,0
31447,0
12732,0
29743,0
9730,1
29106,0
35240,0
38330,0
17892,1
44481,0
42547,0
28029,0
12949,0
35227,1
37891,0
6219,0
11885,0
6710,0
34584,0
10836,0
31503,0
46589,1
25005,0
19894,0
43621,0
20806,0
9832,0
10342,0
42450,1
35900,0
35343,0
44718,0
10857,0
17335,1
11193,0
24099,0
36343,0
10865,0
19623,0
5429,0
17858,0
35528,0
26426,0
13420,0
44660,0
23628,0
16847,1
39696,1
41232,0
5811,0
19815,0
6704,0
44138,0
42513,0
15894,0
26668,0
40101,0
38549,0
44126,0
46287,0
29020,0
10426,0
35559,0
46539,0
36448,0
8455,0
7135,0
27753,0
11434,0
13239,0
33304,0
17758,0
34095,0
39640,0
48055,0
7360,0
28699,0
32711,0
21906,0
13341,0
36862,0
7055,0
11314,0
23463,0
45771,0
21253,0
39382,0
10377,0
7185,0
10080,1
33897,0
28784,0
21591,0
14165,0
16393,1
31395,0
38926,0
32380,0
21580,0
31656,0
21511,0
36144,0
29576,0
31057,0
7111,0
37503,0
17472,0
18254,0
35083,0
37292,0
41524,0
48450,1
19646,0
29412,0
41317,0
29250,0
22609,0
36452,0
41494,0
7544,0
38898,0
11110,0
18172,0
5314,0
22146,0
15406,0
23712,0
30203,0
24764,0
49678,1
14444,0
37572,0
20188,0
12474,0
11404,0
31643,0
39894,0
16028,0
11757,0
10501,1
25397,0
33201,0
24833,0
41800,0
30750,0
13538,0
20614,0
6603,0
41467,0
13140,1
32090,0
25913,0
43130,1
40535,0
22577,1
24182,0
45852,1
12625,0
38604,0
9128,0
42656,0
41559,0
46050,0
21168,0
8633,0
9707,0
23783,0
30539,0
34363,0
22779,0
13278,0
6444,1
11381,0
21540,0
41022,0
33517,0
21079,0
38596,0
49941,0
5399,0
37760,0
43104,0
18268,0
6631,0
9740,0
23152,0
49193,0
10373,0
23524,0
42871,0
36305,0
10661,0
38353,0
19827,0
20488,0
44587,1
8933,0
26856,0
44134,0
24246,0
38018,0
20020,0
17831,0
25019,0
21822,0
32628,0
8737,0
29492,0
48399,0
8378,0
25399,0
27103,1
18174,0
25744,0
6788,0
6107,0
24100,0
20124,0
20917,0
6232,0
19194,0
14731,0
16642,0
19856,0
13241,1
36157,1
39366,0
49089,0
8460,1
30840,1
46485,0
25251,0
49043,0
5004,0
39811,0
16470,0
46239,0
5564,1
28894,0
46017,0
45239,0
16933,0
23266,0
49023,0
49358,0
37740,0
18168,1
13225,0
5297,0
32111,1
32287,0
7494,0
46162,0
16224,0
27969,0
29803,0
9246,0
42798,0
20550,0
13508,0
44881,0
30636,0
10907,0
26306,0
12976,0
13357,0
19539,0
37918,1
32349,0
9504,0
9704,0
7514,0
22919,0
7328,0
16081,0
23331,0
48722,0
45598,0
40253,0
44726,1
24132,0
12339,0
16670,0
42888,0
17968,0
22354,0
34502,0
48534,0
46802,0
35674,0
32110,0
37194,0
36188,1
12656,0
32698,0
36265,0
20113,1
35338,0
11810,0
13952,0
24620,0
21156,0
28676,0
44741,1
17425,0
28773,0
22109,0
16886,0
11803,0
6487,0
5853,0
23789,0
32173,1
35799,0
32335,0
27095,1
48630,0
38247,1
18399,0
27790,0
45874,0
31285,0
32255,0
14464,0
11108,0
25382,0
9241,0
26583,0
7740,0
36274,0
48342,0
36180,0
21036,0
41417,1
13249,0
6703,0
49228,0
20497,0
10733,0
36747,0
46640,0
10071,0
49442,0
5216,0
9851,0
35195,0
36641,0
43949,0
32487,0
9337,0
43668,1
41230,0
9513,0
48442,0
32827,0
41374,0
30285,0
33442,0
25797,0
14061,0
49635,0
29141,0
37146,0
7907,0
37304,0
39408,0
37910,0
29109,0
21171,0
39602,0
48506,0
27059,0
47268,0
41434,0
34862,0
29360,0
8617,0
6644,0
49470,1
21341,0
10478,0
31540,1
43260,0
41000,0
49042,0
46228,0
16331,0
17868,0
37241,0
28432,0
46072,0
44700,0
25723,1
6784,0
19217,0
36246,0
33041,0
25780,0
20388,0
39796,0
23750,0
5231,0
23353,0
28204,0
9336,0
24951,0
43968,0
17776,0
40666,0
48068,0
21635,0
23685,0
21537,0
27974,0
31805,0
16919,0
39522,0
25807,0
40779,0
37558,1
40145,0
45803,0
36494,0
30843,0
40176,0
36691,0
43154,0
13057,0
44854,0
39902,0
26080,0
7875,1
43362,0
49490,0
7554,0
25258,0
38777,0
5646,0
18624,0
10382,0
18924,0
27819,0
13256,0
34408,0
48977,0
8861,0
45327,0
36016,1
11915,0
17680,0
25586,0
20200,0
7874,1
41158,1
18958,0
47526,0
7868,0
45977,0
37432,0
15135,0
5898,0
6121,1
30237,0
30376,0
35360,0
49026,0
35627,0
28972,0
19720,0
26898,0
22935,0
16841,0
8035,0
6812,0
38975,0
9071,0
33599,1
25743,0
9303,0
13943,0
33344,0
19825,0
31693,0
38412,0
13407,0
7549,0
5354,0
8640,0
15761,0
27655,0
32483,0
28689,0
38863,0
23553,0
28426,0
21880,0
33233,0
34913,0
14433,0
39423,1
28578,0
11926,0
18459,0
24408,0
6489,0
33530,0
19475,0
21404,0
34515,0
48271,0
27528,0
10286,0
41611,1
5842,1
38007,1
19181,0
14786,0
5501,1
23900,0
14068,0
29246,0
32377,0
38921,1
46826,0
33209,0
5890,0
34905,0
9867,0
18077,0
25285,0
10742,0
37757,1
48106,0
37763,0
31165,0
35196,0
12094,0
36477,0
35295,0
33425,0
27513,0
38220,1
49087,0
29733,0
36394,0
42255,0
27470,0
13578,0
26443,0
6278,0
25687,1
47279,0
31992,0
39630,0
42747,0
6377,0
32303,0
14619,0
27284,1
46113,0
14273,0
33858,0
15381,0
13122,1
25535,0
26884,0
10548,0
30928,0
17547,0
31278,0
27475,0
23785,0
14294,1
49004,0
28249,0
14595,0
32333,0
29019,0
40776,0
30973,0
32857,0
30798,0
14403,1
25844,0
31813,1
32996,0
26245,0
35311,0
27022,0
8673,0
12918,0
26564,1
43231,1
16420,0
14553,0
25227,0
45046,0
12817,0
29854,0
34678,0
22566,0
17083,1
49907,0
18920,0
10264,0
22664,0
23442,0
10921,0
42223,0
6900,0
27256,0
14037,0
45945,0
35238,0
42326,0
9215,1
14693,0
12379,1
11865,0
23647,1
42864,0
5173,0
38287,0
35995,0
7385,0
23924,0
36654,0
8461,0
35012,0
25697,0
30332,0
40606,0
32756,0
37051,0
7004,0
46374,0
42006,0
17063,0
14555,1
48750,1
30914,0
40557,0
6470,0
32837,0
27060,0
20286,0
7851,0
43695,0
36011,0
21403,0
16096,1
29540,0
5884,0
28388,0
34653,0
49125,0
26355,0
30334,0
27859,1
34413,0
42066,0
23876,0
28881,0
49376,0
18927,0
40875,0
26640,0
28757,0
8862,0
16264,0
18058,0
19966,0
15324,0
33723,0
13909,0
13897,0
7463,0
8030,0
15665,0
13870,0
38718,0
35184,0
25533,0
8308,0
34015,1
10904,0
14538,0
49647,0
8899,0
11935,0
30149,0
37159,0
16873,0
48690,0
27849,0
23741,0
33508,0
27517,0
16196,0
18098,0
23525,0
12932,0
25228,0
31882,0
10762,0
11056,1
38871,0
41433,0
28269,0
47743,1
45229,0
17065,0
29205,0
23846,1
15992,1
21441,0
18623,0
48140,0
29113,0
19711,0
46387,0
33606,1
43966,0
33198,0
45377,0
42239,0
21377,0
28028,0
15059,0
8939,0
10034,0
43167,0
42591,0
47875,0
38494,0
30695,0
5116,1
38497,0
10954,0
24452,0
37109,0
12861,0
13893,0
49695,0
5144,0
27081,0
24031,1
21601,0
22284,0
7191,0
25824,0
14281,0
36779,0
29221,0
38702,0
15157,0
44803,1
16987,0
34044,0
27782,0
6162,0
35566,0
21342,0
9207,1
10946,0
46057,0
28836,0
39590,0
40258,0
49597,0
43993,0
20662,0
33722,0
32288,0
23143,0
30011,0
36847,0
39129,0
6131,1
11493,0
6864,0
34982,0
19759,0
20335,1
14035,0
23397,0
44844,0
25084,0
32983,0
48387,0
42119,1
49184,0
42350,0
12905,0
24378,0
35579,0
26001,0
47129,0
41654,0
22031,0
31892,0
16477,0
47780,0
46854,1
31941,1
20999,0
36959,0
45724,1
31730,0
29313,0
36885,0
18047,0
39918,0
48825,0
34700,0
48376,0
19441,0
7593,0
49942,0
24120,0
44329,0
48580,1
41516,0
35546,1
22851,0
31847,0
43798,0
24664,0
20278,0
31912,0
34993,0
9550,0
43151,0
25708,0
15536,1
24006,1
39266,0
25745,0
33974,0
13090,0
41958,1
47415,0
21397,1
24660,0
38707,0
10598,0
45778,0
44590,0
18641,0
26220,0
43899,0
26394,0
23917,0
28445,0
15347,0
21837,0
8519,0
25969,0
29993,0
25945,0
26441,0
10102,0
12524,1
32847,0
23586,1
47805,0
19673,1
49968,0
42942,0
17350,0
18674,0
40439,0
12132,0
32635,0
7943,0
16930,0
9421,0
41084,0
40701,0
5343,0
39538,0
48134,0
44009,0
35078,0
24794,0
16734,0
46586,0
12090,0
6175,1
23202,0
32486,0
28107,0
48491,0
41525,0
27773,0
34608,1
43326,0
24302,0
18095,0
27826,0
48275,0
49770,0
14299,0
31507,0
26428,0
33280,0
31516,0
47961,0
16380,0
29759,1
46126,0
49123,1
31358,0
17103,0
35548,0
24444,0
44405,1
13344,1
41001,0
44011,0
21379,0
21337,0
44828,1
48248,1
48714,0
13665,0
32520,0
14738,1
25367,1
22277,0
21174,0
10010,0
14233,0
47497,0
19632,0
32148,0
10343,0
8184,0
34206,0
20610,0
46280,0
44807,0
36572,0
22757,1
15343,1
19644,0
47848,0
24188,1
43043,0
37111,0
42319,0
8418,1
24512,0
5476,0
25267,0
12431,1
23393,1
37575,0
25506,1
24719,0
35260,0
33318,0
7269,0
40848,0
45946,0
10757,0
45547,0
33923,0
25197,0
10936,0
19228,0
27711,0
7746,0
29181,0
46619,0
48625,0
30414,0
42806,1
36984,0
43079,0
12217,0
34582,0
23380,0
32717,0
27989,0
44598,0
42301,0
31085,0
17038,0
26190,1
21115,0
34470,0
42961,0
33560,0
30205,1
9884,0
24825,0
5150,0
34745,0
33929,0
48677,0
23806,0
41217,0
40244,0
26822,0
35326,0
8068,0
15299,0
31801,0
23341,1
21918,0
17793,0
44888,0
31937,0
27678,0
46285,0
42475,0
32870,0
47682,1
36793,0
25253,0
10576,0
48258,0
24723,0
36043,1
47125,0
21785,0
45290,0
43358,0
21985,0
10975,1
22680,0
30154,0
14055,0
32165,0
37999,1
37420,1
42570,0
24170,1
38384,0
32550,0
33170,1
41670,0
30542,0
27756,0
33905,0
21812,0
47232,0
25779,0
35379,0
15098,0
39481,0
49063,0
43162,0
16070,0
27822,0
46097,0
36070,0
17774,0
22811,0
46284,0
22447,0
23363,0
33749,0
39378,0
14024,0
27952,0
49433,0
29184,0
12811,0
16141,0
44000,0
28473,1
36878,0
40987,0
35956,0
14591,0
14769,0
28965,0
12680,0
46138,0
44730,0
36207,0
42542,0
31115,0
20013,0
12974,0
30399,0
35861,0
18363,0
49142,0
8053,0
31097,0
35923,0
18282,0
23834,0
9273,0
25712,1
7799,0
41233,0
42791,0
16730,0
31332,0
31923,0
47904,0
45310,1
9162,0
15746,0
45922,0
19077,1
28832,1
48052,0
31396,0
49714,0
42133,1
14679,0
37629,0
45208,0
19488,0
20593,0
22605,0
46499,0
10020,0
30264,1
16476,0
6034,1
44792,0
38271,0
33186,0
7952,0
45601,0
36796,0
9647,0
49618,0
12402,1
25117,0
6866,0
45562,0
16925,0
46558,0
30013,0
18658,0
25416,0
48265,0
26846,1
6282,0
45467,0
32221,0
46780,0
8707,0
31914,0
37170,1
41680,0
30075,0
39750,0
22048,0
43094,0
29130,0
32030,0
20041,0
46031,0
29448,0
37081,0
11237,1
40249,0
30115,0
9152,0
15253,0
45967,0
33771,0
34818,0
30812,0
23221,0
33809,0
8154,0
14810,0
10766,0
35294,1
31343,1
40907,0
22456,1
47657,0
8025,0
25624,0
48435,0
19313,0
37686,1
45374,0
13494,0
35446,0
7404,0
20061,0
25568,0
11689,1
6139,0
41288,0
13994,0
33487,0
27121,0
5330,0
9995,0
20356,1
47033,0
27014,0
49130,0
41960,0
13194,0
32136,1
45121,0
27390,0
25356,0
33663,0
21790,0
7817,0
26530,0
41097,0
15873,0
13473,0
41539,1
9305,0
13877,0
30079,1
23387,0
29381,0
7608,0
25602,0
18443,0
30830,0
22212,0
32070,1
36491,0
49371,0
32179,0
31721,0
37089,0
5758,0
47710,0
11650,0
47842,0
16100,0
25565,0
39979,0
30139,0
36536,1
20122,0
35040,0
26420,0
9070,0
45472,1
24625,0
11708,0
44908,0
15941,0
23415,1
10568,0
5341,1
38967,0
5273,0
27809,0
47270,0
46969,0
35604,0
27237,0
47171,0
9615,0
15727,0
49347,0
35389,0
5322,0
39727,0
29652,0
29650,0
32263,0
27817,0
49723,0
46353,0
37822,0
22766,0
37438,0
26669,1
35641,0
42601,0
15491,0
46309,0
38431,0
8434,0
29126,0
7132,0
27633,0
45694,0
35421,0
42284,1
35643,0
43783,0
17859,0
39993,1
22114,0
6331,0
14826,0
21739,0
26340,0
36319,0
8953,0
21951,0
34226,0
5725,0
43801,0
16617,0
7265,0
28602,0
28978,0
31932,0
45370,0
48814,0
41978,0
45253,0
15036,0
40043,0
42082,0
5103,0
17075,0
31592,0
21609,0
8929,0
37225,0
19749,1
5640,1
49989,1
20486,0
49054,0
26434,1
23842,0
21185,0
46386,0
31541,0
23995,1
8548,0
22204,0
45745,1
22324,0
49926,0
11211,0
5176,0
45201,0
29002,0
7791,0
36426,0
29636,0
21332,1
31043,0
47410,0
7059,0
31542,0
38473,0
17266,0
41728,0
18681,0
48546,1
36717,0
42722,0
35398,0
7182,0
28855,0
32373,1
14604,0
26465,0
18426,0
14798,0
29936,0
13178,0
46731,0
11217,0
23376,0
37493,0
15009,0
38364,0
13247,0
21851,0
47662,0
11365,0
22208,0
20421,0
14935,0
43785,0
17101,0
7863,0
27915,0
9264,0
37795,0
38668,1
35424,0
18745,0
8609,0
13442,0
7893,0
10466,1
14060,0
24998,0
20813,0
16902,0
32203,0
25260,0
10216,0
34080,0
5292,0
46008,0
22364,0
47088,0
32853,0
25868,0
25576,0
5351,0
32191,1
16616,0
23154,1
47485,0
46617,0
23679,0
17080,0
25937,1
35213,0
48549,0
45931,0
45526,0
16433,0
36967,0
49773,1
11231,0
21048,0
34744,0
24243,0
37645,0
16313,0
10356,0
13920,0
20980,1
5681,0
45143,0
40377,0
40465,0
29216,0
23920,1
31481,0
21123,0
24828,1
42136,0
36758,1
12104,0
24287,0
31166,0
29556,0
28370,0
48822,0
33976,0
15393,0
27053,0
24002,0
48691,0
29477,0
35120,0
49363,1
16131,1
40314,1
7582,0
9845,0
13648,0
9855,0
14392,0
37286,0
22353,0
29318,0
13871,0
39455,0
24634,0
13145,0
13474,0
24698,1
14957,0
45157,0
34614,0
24284,0
23701,0
21432,0
42397,0
26713,1
33617,0
41201,0
45395,0
15065,1
40553,0
5625,0
24671,0
48902,0
13615,0
7348,1
24590,0
10395,0
38606,0
36280,0
17918,0
47087,0
10175,0
37603,1
24599,0
35211,0
9253,0
35786,0
26012,0
30907,0
33972,1
49318,0
36152,0
18396,0
43822,0
28062,1
49653,0
34466,1
15713,1
20145,0
34620,0
21270,0
6498,0
25453,0
12956,0
43526,0
6566,0
9689,0
46713,0
49704,0
21610,0
23009,0
27199,0
22203,0
43313,0
20054,0
32591,0
5892,0
21467,0
35779,0
39334,0
24487,0
21627,1
47748,0
6682,1
5430,0
16638,0
49689,1
31198,0
30450,1
15926,0
14830,0
48569,1
32156,0
46641,0
26844,0
6616,0
24792,0
5252,0
45935,0
12330,0
43373,1
23585,1
31968,0
25071,1
24391,0
31668,0
18752,0
40789,1
21729,0
5233,1
11046,1
7081,0
10457,0
15458,0
37079,0
32980,0
21159,1
26954,0
14571,0
28734,0
26850,0
43435,0
27230,0
27566,0
8049,0
22298,0
5657,0
22293,0
9377,0
47095,0
30754,0
46327,0
38947,0
37956,1
39952,0
8843,0
26276,1
41406,1
34021,0
34852,0
9229,0
21281,0
16875,0
35854,0
21315,0
5926,1
29420,0
14565,0
5949,0
17418,0
24882,0
47386,0
40448,0
14103,0
41580,0
12901,0
44513,0
6053,0
13321,0
36164,0
40780,0
47103,0
43781,0
33928,0
7098,0
47785,0
8366,0
37512,0
44275,0
29269,0
12191,0
44835,0
45322,1
38334,0
10688,0
48471,0
21750,0
13931,0
9449,1
41534,0
12915,0
28882,0
45866,1
45352,0
46272,0
28143,0
47548,1
25846,0
29303,0
24304,0
21227,0
39026,1
15708,0
46525,0
37357,0
36436,0
8104,1
8563,0
39539,0
42584,0
45490,0
45873,0
40050,0
23576,1
32406,0
11322,0
31725,0
19976,1
22561,0
42818,1
11075,0
44728,1
5624,0
35114,0
29959,0
18424,0
6846,0
18451,0
8944,0
22135,0
19304,0
14722,0
44461,1
23145,0
15388,0
25768,0
28111,0
16504,0
25795,0
36478,0
32686,0
11067,0
30985,1
8288,0
25362,0
16979,0
31528,1
44669,0
34295,1
21064,0
20000,0
6673,0
49294,1
33540,0
20153,0
26549,1
46231,0
23048,0
5454,0
13322,0
33533,1
21730,0
16335,0
29698,0
8396,0
29862,0
42923,0
39303,0
37776,0
45894,0
18609,0
37458,0
41196,0
48748,0
24839,0
31083,0
26761,0
12460,0
5839,0
35011,0
31407,0
40237,0
31003,0
37024,0
30257,0
36789,0
33147,0
29584,0
39561,1
18949,0
37818,0
42287,0
26590,0
43723,1
20670,0
41987,0
14647,0
41542,0
35002,0
5261,0
5195,1
38531,0
6276,1
20854,0
22747,1
34400,0
44985,0
16011,1
26772,0
20694,0
48083,0
41260,0
33977,0
25204,0
27618,0
11923,0
9091,0
18325,0
23568,0
40818,0
32441,1
24519,0
34339,0
39459,0
40463,1
46888,0
47744,0
43931,0
21264,0
16905,0
14961,0
31545,0
24761,0
31501,0
24432,0
24534,0
35187,1
34879,0
32504,0
26472,0
49988,0
29452,0
23742,0
39193,0
35318,0
44216,0
26693,0
20207,0
12891,0
6675,0
28941,0
48535,0
6033,0
5593,0
26994,0
27454,0
31323,0
24433,0
17483,0
40641,0
41528,0
25302,0
11592,0
16812,1
44072,0
25713,1
36659,0
7729,0
30975,0
14353,0
19363,0
35236,0
40265,0
38644,0
26704,0
14987,1
47590,0
47855,0
6291,0
12212,0
12852,0
42597,0
14845,0
5873,0
12672,0
18938,0
23884,1
38807,0
11756,0
10003,1
44139,0
26528,0
19400,1
20168,0
33299,0
46229,0
16082,0
39626,0
34471,0
25152,0
49353,0
40210,0
28080,0
21256,0
31791,0
45955,0
38372,0
46399,0
26401,0
19121,0
30323,0
6928,0
8986,0
10116,0
23972,0
44293,0
13869,1
34366,0
20962,0
5729,0
22289,0
49748,0
30141,0
14413,0
15996,0
13957,0
26476,1
28349,0
14389,0
6661,0
18827,0
19998,0
13394,0
11552,0
49962,0
48526,0
44220,0
27374,0
12650,0
31157,1
27603,0
39771,0
17950,0
29864,0
21690,0
21870,0
11253,0
49894,0
26802,0
47969,0
48865,0
28627,0
20961,0
27667,0
15007,0
40385,1
13592,0
12844,0
43235,0
42303,0
35415,0
24034,0
5584,0
37445,0
17732,0
19881,0
44533,0
37573,0
47818,0
48638,0
25226,0
42999,0
35033,0
19164,0
47834,0
35107,0
26081,0
8923,0
37278,0
25155,0
41215,0
20381,0
24537,0
25406,0
34953,0
28607,0
31480,0
35302,1
21922,1
18367,0
13546,0
16768,0
29903,0
19401,0
35879,1
10893,0
33727,0
14792,0
40353,0
12609,0
11431,1
35032,0
43708,0
46864,0
30445,1
45728,0
37218,0
8425,1
24872,0
33864,0
14621,0
17800,0
48256,0
49441,0
41063,0
24746,1
33154,0
38281,1
43849,0
30004,1
14058,1
32977,0
19886,0
19993,0
7464,0
36795,0
30955,0
24804,1
6430,0
34046,0
34172,0
41352,1
34555,0
21072,0
5621,0
28935,0
25211,0
34980,0
23138,0
17629,0
20639,0
10959,0
10245,0
19828,0
24530,0
5748,0
5217,0
34938,0
21699,0
44927,0
17461,1
34029,0
24357,0
44845,0
48458,0
27980,0
9283,0
30950,1
11847,0
47404,0
38555,1
15735,0
20924,0
36330,0
17435,0
33360,0
32656,0
36446,0
27674,0
30749,0
19969,0
32653,0
27728,0
34789,1
18904,0
40309,0
46473,0
35929,1
37374,0
24174,0
19009,0
32845,0
47915,0
41470,0
31126,0
16281,0
25589,0
36935,0
32934,0
34452,0
14391,0
6668,0
7710,0
46768,0
29897,0
38229,0
44698,0
30191,0
46504,1
28066,0
6850,0
17899,0
23502,1
32699,0
15428,0
47577,0
25845,0
17187,0
17539,0
17277,0
23709,1
28686,1
28910,0
30262,0
44586,0
8263,0
25820,0
16827,0
41946,0
11420,0
25987,1
35717,0
15126,0
15499,0
40361,0
14132,0
36713,0
21049,0
46165,0
24603,0
42787,0
24366,0
26445,0
30273,0
21694,0
32607,0
5702,0
10881,0
35950,0
32879,0
38167,0
38416,0
42779,0
21028,0
42838,0
22599,0
12468,0
7585,0
38603,0
12134,0
41927,0
8785,0
37414,0
6183,0
24454,1
32300,0
32872,0
26096,1
40957,0
40402,0
33486,0
22914,0
29421,0
31815,0
45517,0
19942,0
11920,0
49464,0
34638,0
18517,0
43395,0
12686,0
21539,1
16574,0
21320,0
19514,1
18597,0
49412,0
34522,1
17276,0
42015,0
26055,0
49468,0
30862,0
11319,0
45853,0
17143,0
40086,0
18236,0
44006,0
25464,1
22394,0
7915,0
17146,0
7181,0
44311,0
7644,0
46179,0
49742,0
49073,0
5465,0
6165,0
16872,0
7813,0
12563,0
48741,0
19501,0
21421,0
27892,1
46686,0
9500,0
32120,0
46604,0
44425,0
17263,0
31860,1
44433,1
48728,0
7969,0
7189,0
17761,0
8115,0
36158,0
14561,0
39596,0
17123,0
35660,0
49805,0
46833,0
18151,1
24869,0
34133,0
49150,0
27355,0
7331,0
16483,0
49595,0
17037,0
18059,1
12747,0
47738,0
18529,0
42056,0
18469,0
28730,0
46825,0
23117,0
34380,0
17340,0
47283,1
26410,0
35670,1
17200,0
39923,1
23765,0
49366,0
47330,0
29641,1
20984,0
12893,0
39882,0
28532,0
44495,0
14401,0
24683,0
42780,0
7527,1
6402,0
10787,0
27500,0
8564,0
23349,1
34924,0
40982,0
43097,0
37385,1
19200,0
30308,1
30893,1
44094,0
18702,0
40971,0
29830,0
11415,0
13510,0
45480,0
6271,0
48499,0
7672,0
29828,0
36101,0
16478,0
28937,0
45871,0
24027,1
13193,1
12708,0
36594,0
21152,1
45056,0
31330,0
36125,0
31683,0
22624,0
30084,0
47074,0
34358,0
40913,0
45477,0
14366,0
36415,0
45473,0
12220,1
12238,0
6503,0
19057,0
17527,0
18048,0
18653,1
23332,0
15308,0
5647,0
28562,0
25206,1
10455,0
48696,0
33068,0
6594,0
24608,0
28917,0
6484,0
24484,1
32944,0
14235,0
24898,0
11515,0
37505,0
26785,1
20483,0
27798,0
12142,0
26006,0
37739,0
42028,0
8831,0
42171,0
15989,0
13202,0
8555,0
17088,0
11750,0
38789,1
17701,0
49382,0
16879,1
34578,0
16834,0
49218,0
46695,0
23575,0
44996,0
26102,0
23356,0
26626,0
38015,0
25048,0
49786,1
48886,0
36328,0
5317,0
16568,0
48912,0
5800,0
36081,0
22520,0
44035,0
41949,0
20018,0
7528,0
40204,0
49980,0
9750,0
6912,0
40795,0
42402,0
46556,0
32545,0
15586,0
46648,0
21026,0
38764,0
13801,0
24970,0
41066,0
15915,0
28747,1
13337,0
26403,0
15085,0
39709,0
35426,0
38149,0
13528,0
12762,0
45833,0
14724,0
30482,1
17865,0
7279,0
40197,0
40049,0
19804,1
14194,0
47528,0
10042,0
39041,0
17894,0
27811,0
5521,0
43129,0
41651,0
7885,0
42554,0
17313,0
45024,0
5734,0
9813,0
14687,0
21914,0
26308,0
26805,1
7174,0
8426,0
19553,0
47509,0
32887,0
21134,0
28950,0
13668,0
39046,0
5708,0
42852,0
37473,0
9859,0
31080,0
18905,1
31780,1
9168,1
26406,0
27862,0
33881,0
30194,1
21323,0
41019,0
14282,0
18972,0
33935,0
44585,0
9630,1
38258,0
38962,0
45877,0
5283,0
20656,1
18148,0
9009,0
44989,0
44305,0
46208,0
43567,0
44458,0
39252,0
28534,0
18160,1
21804,0
9503,0
36538,1
44180,0
29876,0
20929,0
7362,0
9448,0
8734,0
39527,0
13739,1
48914,0
40742,0
7298,0
12193,0
15656,1
31100,1
24682,0
45347,0
40012,0
15734,0
46322,0
21325,1
16426,0
39031,0
36868,0
49756,0
15504,0
5070,0
33203,0
37825,0
28133,0
8510,0
37846,1
5581,1
30429,1
47686,0
36306,0
12029,0
12155,0
46912,0
39627,1
40589,0
14141,0
22681,0
44209,0
37905,1
6490,0
23751,0
11245,0
13692,0
19680,0
8211,1
40707,0
45492,0
29607,0
46600,0
26840,0
24832,0
21366,0
21726,0
11904,0
36542,0
21329,0
30065,0
5214,0
46659,0
21367,0
16578,0
23871,0
37118,0
38928,0
22403,0
23786,0
48112,1
26287,0
34012,0
24466,0
35034,0
33628,0
25068,0
16799,1
28157,0
21621,0
49743,1
23295,0
42331,0
30292,0
44128,0
11985,0
26666,0
11623,0
10323,0
16052,0
44008,0
25078,0
27508,0
31637,0
33880,0
21749,0
12738,0
24412,0
32059,0
40406,0
33719,0
6829,0
14976,0
17506,0
20331,1
22582,1
19001,0
16711,0
12374,0
5776,0
16195,0
11433,0
46276,0
29889,0
10672,0
39073,0
35875,0
28632,0
10260,0
35148,1
24557,0
28222,0
37625,0
30231,0
22516,0
17883,0
28927,0
5049,0
9413,1
35427,1
21660,0
32320,0
29848,0
9119,0
15277,0
36013,1
21680,0
19875,0
9384,0
41242,1
32142,0
18683,1
22224,0
40452,0
19459,0
31786,0
38925,1
23817,1
5745,0
47263,0
20590,0
27132,0
49619,0
7007,0
39500,1
6707,0
22707,0
35567,0
49303,0
10579,0
6012,0
38063,0
43574,0
27710,0
21372,0
18035,0
48894,0
8375,0
34919,0
42921,1
24568,0
43515,0
36286,0
41102,0
5879,0
9086,0
24395,0
22287,1
7457,0
27639,0
21356,0
48361,1
16807,0
9348,0
6536,1
23788,0
16963,0
29758,0
7571,0
39577,0
7286,0
22417,1
24295,0
11939,0
35587,0
16636,0
42313,0
43122,0
10940,0
22416,1
19277,0
20074,0
21883,0
8488,0
20652,1
11890,0
49049,0
40225,0
41090,1
31449,0
22982,0
49221,0
17160,0
23670,0
6590,0
42908,1
33736,0
36509,0
28796,1
38683,1
16594,0
22192,0
37662,0
30564,1
10158,0
45107,0
5007,0
13934,0
42024,0
20821,0
32554,0
8798,0
32622,0
37832,0
49088,0
28630,1
46202,0
42482,0
9883,0
33762,0
32715,1
45066,0
25958,0
29639,0
13790,0
5419,0
10879,1
19076,0
48354,0
46675,0
8758,0
38104,1
39661,0
18069,1
18664,0
27471,0
5655,1
42877,0
38890,0
42315,0
15593,0
11020,0
17000,1
47445,0
41300,0
31778,0
43252,0
42517,0
43217,0
36425,0
47980,0
48402,0
49539,0
9519,0
37495,0
40573,0
24718,0
6819,0
21296,1
44603,0
41363,0
14532,0
23378,1
48165,0
9155,0
10707,0
46221,1
18272,0
24949,0
10697,0
7982,0
5128,0
49960,0
41276,0
38136,0
31709,0
23590,0
37132,0
30390,0
34884,0
8593,0
8000,0
19625,0
20541,0
19611,0
5110,0
41520,0
33707,0
22971,0
20109,0
6557,0
11132,0
37057,0
22202,0
5109,0
8789,0
40132,0
34485,1
49607,0
5843,0
38178,0
49819,1
24770,0
32619,0
40469,0
12264,0
39933,0
30076,0
9564,1
26215,1
25480,0
45135,0
11224,1
27602,0
27904,0
8693,1
7495,0
27456,0
47921,0
15268,0
12743,0
31752,0
22385,0
26958,0
33275,0
6826,0
44153,0
45575,0
38129,1
44573,0
19192,1
28169,0
18648,0
32858,0
18695,0
45168,0
11988,0
6671,0
25292,0
7761,1
44554,0
7531,0
21721,0
21831,0
39847,0
19467,0
25370,1
17407,0
5219,0
14672,0
16032,0
15575,0
16402,0
20671,0
7289,0
39684,0
45031,0
17230,0
9199,0
31859,0
36228,0
7342,0
16660,0
45482,0
6786,0
30078,0
23716,0
30325,0
6422,1
19764,0
33745,0
13339,0
26882,0
24786,0
26203,1
23671,0
36532,0
17702,0
6681,1
40329,0
24767,0
12538,0
27312,0
6930,0
14207,0
45292,0
37282,0
30080,0
10266,1
8702,0
30927,1
10991,0
5816,0
12525,0
27314,0
11703,0
46357,1
25856,0
5324,0
6680,0
17053,0
34801,1
43905,0
7541,1
42013,0
22987,0
20938,0
9265,0
27882,0
29414,0
42680,0
27623,0
10553,0
39692,0
34196,0
8085,0
21140,0
7916,0
47288,0
19486,0
39824,0
22961,1
11196,1
46462,0
13745,1
25636,0
27133,0
13976,0
5323,0
32312,1
44597,0
19865,0
29646,0
16854,0
8916,1
28605,0
25871,0
12646,0
34156,0
24486,0
32242,0
20527,0
36985,0
38368,1
23217,0
26135,0
46244,0
18240,0
10726,0
48501,0
8619,0
37147,0
14189,0
19339,0
8885,0
11308,0
13658,1
32348,0
32187,0
39050,0
24964,0
30278,0
47153,0
7325,0
28181,0
9035,0
28700,0
8799,0
21810,0
33057,0
6068,0
39411,0
41697,0
49792,1
29631,1
32026,1
21190,0
25735,0
45235,0
25877,1
41152,0
35385,0
19543,1
20294,0
20507,0
9726,0
28090,0
44526,0
44540,0
11230,0
19883,0
11133,0
37927,0
39586,0
16104,0
19840,0
39508,0
14057,0
47700,0
13899,0
49499,0
42192,0
34368,0
12487,0
19278,0
16976,1
14027,0
43641,0
49806,0
20666,0
41938,0
14804,0
34810,0
22120,0
37367,0
8431,0
46468,1
26347,0
13786,0
15477,0
10977,0
16942,0
17536,0
48663,0
5772,0
30794,1
30440,0
44654,0
10262,0
46197,0
37752,1
38067,1
48146,0
26517,0
39284,0
20712,0
12560,0
14929,1
47544,0
6863,0
29738,0
49195,0
42771,0
31266,1
37452,0
23843,0
41869,0
17365,0
47716,0
44240,0
47760,0
15781,0
43738,0
21599,0
49327,0
16347,0
22663,0
32154,1
28986,0
19293,0
28149,0
33520,1
21435,0
23957,0
25983,0
22823,1
35136,0
18800,0
18983,0
47399,0
48257,0
18577,0
14048,0
18099,0
44808,0
31422,0
37653,1
11821,0
32351,0
27607,1
21269,1
15480,1
32593,0
13304,0
21898,0
7744,1
40006,0
49040,0
28811,0
30930,0
25112,0
24113,0
43063,1
13200,0
10525,0
40979,0
17728,0
40184,0
18595,0
28885,0
41878,0
24165,0
45438,0
38608,0
28187,0
5200,1
26216,0
32162,0
18150,0
20719,0
26273,0
33813,1
6808,0
18488,0
30593,0
28982,0
18705,0
33494,0
6608,0
33319,0
35170,1
23558,0
49128,0
17307,0
14658,0
16416,1
35073,1
16146,0
41430,0
11585,0
16118,1
32143,0
45706,0
7305,0
5857,0
20307,0
28162,0
39167,0
44712,0
43091,1
41640,1
43378,0
14932,1
5585,0
47540,0
9280,0
39010,0
7865,0
16010,0
26914,0
39247,0
15276,0
25633,0
23853,0
26679,0
38192,0
23036,0
23194,0
33675,0
27279,0
20826,0
44237,0
21768,0
21501,0
35298,0
40318,0
29291,1
20056,0
5967,0
47045,0
44012,0
5747,1
38567,0
15424,0
17169,0
37545,0
25037,0
48878,0
28785,0
7417,0
5040,0
38236,0
31477,0
13288,0
44413,0
39891,0
17650,0
32237,0
10545,0
46664,0
34364,0
19384,1
9165,0
25562,0
14685,0
46509,0
45700,0
27492,0
9962,0
33957,0
6126,1
49030,0
41616,0
29015,0
29957,1
32036,0
37852,0
46331,0
33886,0
24011,0
5071,1
45582,0
41517,0
31308,0
36841,1
31894,0
39122,1
20420,0
32311,0
15398,0
36611,0
20320,1
8402,0
23453,0
19068,0
19470,0
11524,0
29324,0
19921,0
24712,0
27271,0
24415,0
16762,0
24690,1
24263,0
17370,0
13723,0
12600,0
20509,0
10186,0
6480,0
23872,0
30031,0
10770,0
47359,0
7029,0
15557,0
45657,0
28015,0
18984,0
49276,0
45953,0
42137,0
24890,0
11705,0
47424,1
45765,0
10610,0
27548,0
5198,1
15646,1
49724,0
47943,0
39034,0
7247,0
38184,1
42541,0
13492,0
5250,0
38233,0
49939,0
45691,0
29320,0
15814,0
34136,0
33738,0
31448,1
20971,0
14793,0
30448,0
40119,0
41677,0
46868,0
20219,0
45145,0
39859,0
13768,0
47017,0
7561,0
21825,0
39842,1
31048,0
30759,0
46445,0
46645,0
34193,0
27939,1
20709,1
37869,0
16500,0
14206,0
30673,0
48617,0
10864,0
42089,0
45007,0
48557,0
13677,0
21157,0
45841,0
26617,1
19934,0
26670,0
37151,1
47864,0
17429,0
46747,0
11342,1
36291,0
42403,0
22736,1
38479,0
12745,1
15533,0
21284,0
10396,0
8356,0
23192,0
41064,0
41585,0
12439,0
12451,0
16086,1
9543,0
30261,0
32844,1
38198,0
47334,1
12427,1
22317,1
19944,1
22436,0
26160,0
7789,1
48100,0
13402,0
38814,0
49948,0
40142,0
12096,0
19188,0
32279,0
26444,0
43076,0
7338,0
35838,0
20347,0
23838,0
34081,1
35253,0
30891,0
23841,0
41095,0
11400,0
23167,0
23401,1
21796,0
42837,0
42992,0
21476,0
20081,0
44755,0
10665,0
39845,0
36906,0
9408,0
7000,0
15445,0
23057,0
32439,1
19494,0
8452,0
13106,0
7757,0
8858,0
28314,0
8541,0
47276,0
17364,0
13663,0
47049,0
18097,0
45260,0
42520,0
36139,0
41262,0
15351,0
27349,0
31176,0
47102,0
24647,0
25767,0
25459,0
41364,0
34601,0
19471,0
33493,0
20681,0
22656,0
36665,0
48940,1
35485,0
46167,0
49337,0
27856,1
26599,0
9277,0
40004,0
6032,0
13435,1
25036,0
7245,1
46538,0
31487,0
48040,0
6077,0
12442,0
11478,0
6253,0
26841,1
7830,0
34453,0
8931,0
35685,0
13672,0
44208,0
27910,0
7304,0
22925,1
33963,0
49979,0
34463,0
12892,0
26794,0
5532,0
10215,0
47709,0
23519,1
5962,0
41101,0
35610,0
11244,1
7322,0
6414,0
18738,0
33872,0
15421,0
27249,0
14123,0
26582,1
44067,0
12677,1
31185,0
8940,0
8105,0
16126,0
36835,0
23988,0
30109,0
38464,0
46915,0
33597,0
39433,0
26375,0
17635,0
35741,1
46871,0
44713,0
36052,0
14420,0
23272,0
31180,0
15173,0
49990,0
29391,0
5651,0
27229,1
26310,0
12028,0
22510,1
37816,0
10843,0
40613,0
44794,0
10055,0
16129,0
11835,0
8581,0
45469,0
29387,0
49652,0
32774,0
32020,1
21466,0
43455,0
6911,0
46946,1
31195,0
35941,0
40018,0
44975,1
45554,0
16105,0
12306,0
28722,0
27393,0
35886,0
29242,1
8150,1
17945,1
13476,0
38701,0
33040,0
30197,0
18398,0
17571,0
33300,0
14172,0
8698,0
24857,0
22723,0
19273,1
10567,1
30781,0
28406,0
31321,0
35342,1
23828,1
43109,0
30588,0
8804,0
31881,0
12397,0
24103,0
7372,0
12516,0
7150,0
29696,0
11194,0
12886,1
46254,0
39186,0
42073,0
40837,0
25214,0
33984,0
6395,0
43108,0
40677,0
45518,0
9326,1
8064,0
30306,0
14291,0
6319,0
34706,0
47313,0
12112,1
12503,0
39162,0
33456,1
47317,0
22537,0
22484,0
28106,0
44013,0
37829,0
19090,1
19933,0
19180,0
34333,0
27944,0
40401,0
43930,0
42280,0
48784,0
23264,1
43956,0
47220,0
23068,0
16667,0
8776,0
34404,0
38034,0
8507,0
25297,0
24566,1
48419,0
6993,1
46059,0
31065,0
48527,1
48538,0
16069,0
36990,0
23730,0
34918,0
14100,0
14186,0
46178,0
43080,0
7211,0
48058,0
28018,0
18039,0
42123,0
43762,0
20878,0
5936,0
34229,0
32555,0
20985,0
12062,0
26023,0
26533,0
23925,0
17957,0
49009,0
27395,0
28313,1
10411,0
49260,0
28006,0
46349,0
40608,0
25956,0
13037,0
23282,0
42594,0
27627,1
21889,1
21734,0
48517,0
27636,0
26422,1
37425,0
46707,0
24145,0
34607,0
43381,0
47186,0
19617,0
48922,0
46036,0
39999,0
28288,0
39697,0
29975,0
13059,0
21492,0
37198,0
5802,0
37310,0
17286,0
34042,1
43900,0
46014,0
11034,0
35530,0
22050,0
41934,0
13570,0
10170,0
45344,0
32346,1
23253,0
10165,0
11994,0
42117,0
12024,0
14288,0
20083,0
16121,0
42718,0
11029,0
22113,1
35299,0
20621,0
39192,0
8077,0
48137,0
19657,0
28856,0
14040,0
31210,1
28517,0
10563,0
17513,0
44746,1
5861,0
46567,0
33085,0
45422,0
22442,0
43472,0
41837,0
18034,0
31344,0
15827,1
15824,0
28003,1
41030,0
45196,0
24826,1
47811,0
38963,0
48087,0
34341,0
20350,0
6576,0
42590,0
6985,1
45159,0
10011,0
46497,0
8697,1
16941,0
28079,0
35893,1
44657,0
9982,1
21180,0
25931,0
42659,0
15676,0
17759,0
7146,1
34773,0
40857,0
6647,0
7110,0
11072,0
32878,0
18179,0
45699,0
30145,0
45932,0
22313,0
6736,0
19766,0
41771,0
46147,0
28298,0
31575,0
45710,0
38589,0
31168,0
11429,1
45209,0
23969,0
38446,0
16715,0
7616,1
24268,0
22041,0
12984,0
41438,0
26069,0
40829,0
18946,0
8444,0
28115,0
22912,0
35094,0
46897,0
37207,0
12168,0
8214,0
27935,0
43361,0
37243,0
19704,0
17124,0
23176,0
34262,0
30295,0
16583,0
43844,0
36947,0
30768,0
42376,1
6670,0
6005,0
17668,0
43945,0
25137,0
31387,0
49666,0
47440,0
34976,0
20359,0
40915,0
47845,0
32861,1
7848,1
29834,1
48414,0
23379,0
31794,1
20529,0
35748,0
47841,0
18356,0
10653,0
7767,0
24370,0
10687,0
10657,0
18005,1
37032,0
42958,0
25649,0
21338,0
35495,1
42622,0
36994,0
48253,0
34786,0
38838,0
42681,0
27428,0
15741,0
12801,0
48059,0
27105,0
45849,0
20215,0
31130,0
45334,0
29075,0
35474,0
17465,0
32145,0
23960,1
30549,0
29279,0
46279,0
18139,0
24886,0
11739,0
42149,0
38856,0
24713,0
17623,0
40978,0
20312,0
12128,1
11282,0
37882,0
49674,1
43566,1
47987,1
47866,0
48698,0
34214,0
39478,1
22984,1
23769,0
10211,1
29679,0
35273,0
48048,0
26197,0
32189,0
41387,0
42557,0
17154,0
9144,1
10841,1
42364,0
30182,0
45617,0
32820,1
14654,0
26241,0
11014,0
44945,0
25938,1
29656,0
41874,0
27938,0
38876,0
48570,0
26633,0
46643,0
36453,0
9057,0
18004,0
38140,0
39853,0
15099,0
41013,0
23215,1
39837,0
39434,0
27464,0
19938,0
41050,1
10223,0
29812,0
24348,0
16797,1
28584,1
23999,0
21451,0
46803,0
11383,0
20311,0
12478,0
8095,0
11161,0
48558,0
21711,0
37387,1
49183,0
34308,0
49005,0
34597,1
42530,0
37775,0
15628,0
48826,0
30072,0
22631,1
38579,0
5756,0
25718,1
41136,0
10504,1
20431,0
37389,0
31381,0
21071,0
18353,0
34273,0
34936,1
15657,0
29461,0
38426,0
17824,0
14349,0
5262,1
17325,0
34213,0
7992,0
24334,0
32438,0
40581,0
30779,1
8715,0
43796,0
29445,0
12040,0
45784,0
44858,0
27188,0
32692,1
33063,0
20501,0
31366,0
37750,0
6822,0
25623,0
7579,0
18452,0
18519,1
43319,0
24196,0
23623,0
44254,0
41204,0
41109,1
27239,0
15822,0
43817,0
22185,0
8021,0
42367,0
33624,0
21595,0
14920,0
37678,0
18870,0
34448,0
10195,0
23339,0
34650,0
32683,0
38173,0
36700,0
22686,0
27396,0
23478,0
30442,0
31010,0
9047,1
6554,1
13317,0
15820,0
35596,1
43543,0
9775,0
48193,0
7399,0
16890,0
42849,1
48069,1
19792,0
28751,0
13858,1
48183,0
13708,0
11129,0
8416,0
16020,0
13961,0
27453,1
28873,0
49624,0
43536,0
5416,0
48989,1
10645,0
24602,0
24358,0
18226,1
8031,0
19946,0
24685,0
9028,0
48777,0
20633,0
17341,0
22112,0
10692,0
43229,0
17387,0
32080,0
13860,0
32437,0
37609,0
38955,0
18464,0
40491,0
34692,0
5098,0
17689,0
46345,0
27167,0
35466,1
35100,1
29763,0
48373,0
12576,0
38196,0
7388,0
35135,1
16153,0
39992,0
42669,0
14728,0
35758,0
12718,1
33423,0
48701,0
22841,0
31368,0
25873,0
8753,0
13777,0
18729,0
17001,1
38970,0
7020,0
45288,0
39679,0
41676,0
9672,1
47156,0
32648,0
19064,0
12908,0
6508,0
34557,1
39968,0
36674,0
24808,0
45026,0
23513,0
24013,0
12916,0
7507,0
46142,0
46043,0
30970,0
43672,0
21758,0
31364,0
13293,0
22688,0
42046,0
5953,0
20824,0
38335,0
8161,0
12836,0
41375,0
46838,0
36258,0
7658,1
47319,0
23418,0
10754,0
39953,0
41678,0
19125,0
43656,0
7666,0
26775,0
33265,1
26193,0
32357,0
40140,0
35288,0
15803,0
45017,1
38727,0
49600,0
8893,0
20559,0
31748,1
5847,0
11366,0
36304,0
44562,0
33843,0
17097,0
12340,0
42314,0
29482,0
28651,1
31273,0
21828,0
23583,0
39163,0
28579,0
41448,0
12294,0
11394,0
32046,1
20315,0
37615,0
37103,0
40297,0
26733,0
29302,0
46342,0
28307,0
32235,0
7290,0
49852,0
37661,0
44725,0
26532,1
47746,0
25442,0
44821,0
17608,0
17773,0
26628,0
34602,0
49881,1
29347,0
10625,0
13372,0
32802,0
11948,0
22121,0
18734,0
13248,0
27672,0
47550,0
33819,0
33596,0
6453,0
32434,0
20822,0
43157,0
39897,0
15881,1
15074,0
21231,0
25082,1
38739,0
46730,0
40159,0
18375,1
16778,0
26413,0
34867,1
21966,0
12289,0
42917,0
25885,0
28410,0
30026,1
10225,0
44292,0
7194,0
19851,0
13784,0
27894,0
42749,0
11065,0
25280,0
15035,0
33868,0
14267,0
26109,0
39370,0
44299,1
18538,0
25727,1
19478,0
23523,0
8277,0
11204,0
42484,1
44677,0
29859,0
27442,0
24616,0
12201,1
21612,0
25499,0
49895,0
35208,0
33250,0
37188,0
14831,0
34019,0
29422,0
29178,0
27786,0
28276,0
5304,0
5482,0
23507,0
33642,0
27181,0
10488,0
8445,0
32793,0
36233,0
20500,0
6418,0
9012,0
14743,0
28968,0
10715,1
17690,0
43597,0
39732,0
26393,1
24902,0
44973,0
30386,0
27610,0
44093,0
35853,0
30915,0
21307,0
18118,0
16472,0
16865,1
42456,0
18897,0
19083,0
35454,1
24756,0
37240,0
48839,0
35247,0
34560,0
19511,0
39238,1
6687,1
8482,0
49559,0
29311,0
6699,0
27643,0
41722,0
23251,0
37946,0
28224,1
14606,0
9569,1
34145,1
11583,0
20612,0
29013,0
41261,0
49208,0
8855,0
36405,0
21437,0
23885,0
29103,0
34942,1
39821,0
10100,0
49551,0
10920,0
18064,0
11675,0
48349,1
6731,0
45781,1
23826,1
13765,0
7901,0
38238,1
30229,0
8628,0
16910,0
40562,1
41903,0
10876,0
17140,0
9201,0
33437,0
40664,0
25903,0
26696,1
19524,0
33692,0
20057,0
29719,0
12638,0
33724,0
18993,0
36184,0
31939,0
36461,1
42077,1
35611,0
11687,0
7237,0
34534,0
41574,0
14562,0
46130,1
48915,0
44834,0
42903,0
20334,0
10595,0
9203,0
17378,0
32178,0
18468,0
23829,0
35097,1
14441,0
37145,1
23329,0
35263,0
12544,0
44502,1
16821,0
